,Average_GDP,Average_GDP_Growth(%),Average_Exports,Average_Imports,Average_Trade_Balance(USD),Average_Trade_to_GDP(%),Log_GDP,Log_Trade
Average_GDP,1,-0.06282699,0.870524427,0.934626613,-0.532253008,-0.117376865,0.317711052,0.195331826
Average_GDP_Growth(%),-0.06282699,1,-0.074997307,-0.084707178,0.067655806,-0.029813076,0.237141673,0.235521799
Average_Exports,0.870524427,-0.074997307,1,0.98171285,-0.132821856,0.011504729,0.428822143,0.291809871
Average_Imports,0.934626613,-0.084707178,0.98171285,1,-0.319074,-0.011658715,0.408931981,0.274358495
Average_Trade_Balance(USD),-0.532253008,0.067655806,-0.132821856,-0.319074,1,0.117873229,0.005771525,0.024317427
Average_Trade_to_GDP(%),-0.117376865,-0.029813076,0.011504729,-0.011658715,0.117873229,1,-0.038056523,0.396999326
Log_GDP,0.317711052,0.237141673,0.428822143,0.408931981,0.005771525,-0.038056523,1,0.628907038
Log_Trade,0.195331826,0.235521799,0.291809871,0.274358495,0.024317427,0.396999326,0.628907038,1
